,filename
0,image_1302249863_product_3793782107.jpg
1,image_1142089742_product_884747735.jpg
2,image_1271791205_product_3894592691.jpg
3,image_1263803373_product_3921649686.jpg
4,image_1263803707_product_3921650416.jpg
5,image_1263803704_product_3921650414.jpg
6,image_1137819811_product_1892606336.jpg
7,image_1253801598_product_3858087863.jpg
8,image_1283711296_product_4061600205.jpg
9,image_1312805035_product_4195570026.jpg
10,image_1268779979_product_3953644077.jpg
11,image_1257247088_product_3879894216.jpg
12,image_1271563119_product_3976960138.jpg
13,image_1282745836_product_4058569497.jpg
14,image_1316317171_product_4209030553.jpg
15,image_1321271400_product_129717704.jpg
16,image_1100250245_product_286845877.jpg
17,image_1100250821_product_261000874.jpg
18,image_1110020674_product_1884385142.jpg
19,image_1282943282_product_4057853099.jpg
20,image_1289816032_product_4089928018.jpg
21,image_1301546244_product_4150998549.jpg
22,image_1271048057_product_3974953291.jpg
23,image_1304041255_product_4160811730.jpg
24,image_1267327017_product_3942398468.jpg
25,image_1252211930_product_3848025188.jpg
26,image_1268457750_product_3951008143.jpg
27,image_1282579468_product_4057554474.jpg
28,image_1310330599_product_4182235296.jpg
29,image_1283674619_product_4061597513.jpg
30,image_1312743145_product_4195564386.jpg
31,image_1294210995_product_4122559826.jpg
32,image_1262496246_product_3908515534.jpg
33,image_1307839265_product_4172829357.jpg
34,image_1328388011_product_4250637462.jpg
35,image_1251480491_product_3842784769.jpg
36,image_1221768802_product_3566352401.jpg
37,image_1280112998_product_4042483157.jpg
38,image_1276447370_product_4013276326.jpg
39,image_1276363945_product_4012754106.jpg
40,image_1306166275_product_4167137855.jpg
41,image_1323873595_product_4234090857.jpg
42,image_1299293909_product_4141676085.jpg
43,image_1299004736_product_4139515324.jpg
44,image_1288379514_product_4081491824.jpg
45,image_1257425033_product_3881320310.jpg
46,image_1251804518_product_3844582905.jpg
47,image_1295894544_product_4126967971.jpg
48,image_1304005366_product_4160804407.jpg
49,image_1318957126_product_4220452364.jpg
50,image_1311058160_product_4182118118.jpg
51,image_1317195029_product_4211529604.jpg
52,image_1280433048_product_4044748188.jpg
53,image_1275716747_product_4006540302.jpg
54,image_1266214539_product_3937634680.jpg
55,image_1312148260_product_4193588182.jpg
56,image_1251006629_product_3837274789.jpg
57,image_1270626993_product_3971759477.jpg
58,image_1306634596_product_4168967806.jpg
59,image_1281722860_product_4052932536.jpg
60,image_1286997062_product_4074710286.jpg
61,image_1276284113_product_4012659651.jpg
62,image_1254320645_product_3861175903.jpg
63,image_1275485914_product_4006488529.jpg
64,image_1310336620_product_4182236046.jpg
65,image_1283678514_product_4061597712.jpg
66,image_1323870340_product_4234090577.jpg
67,image_1299290264_product_4141675882.jpg
68,image_1272953856_product_3992099175.jpg
69,image_1262312267_product_3906232823.jpg
70,image_1282754162_product_4058572139.jpg
71,image_1315631589_product_4206625171.jpg
72,image_1328489360_product_4250642594.jpg
73,image_1271553262_product_3976945596.jpg
74,image_1295789666_product_4126966223.jpg
75,image_1276286657_product_4012659923.jpg
76,image_1312693122_product_4195559942.jpg
77,image_1271064485_product_3974956039.jpg
78,image_1262557010_product_3908517264.jpg
79,image_1257148786_product_3879196117.jpg
80,image_1318616719_product_4216124470.jpg
81,image_1288384798_product_4081499693.jpg
82,image_1298974284_product_4139513411.jpg
83,image_1276346547_product_4012862022.jpg
84,image_1245186965_product_3789532608.jpg
85,image_1313382437_product_4197669370.jpg
86,image_1257409926_product_3881319597.jpg
87,image_1255173589_product_3868887550.jpg
88,image_1301608565_product_4151266491.jpg
89,image_1277357473_product_4019822775.jpg
90,image_1310209728_product_4182225991.jpg
91,image_1283580259_product_4061585869.jpg
92,image_1275984816_product_4010262306.jpg
93,image_1323667392_product_4234259467.jpg
94,image_1258333404_product_3883424500.jpg
95,image_1275647292_product_4006510667.jpg
96,image_1310657767_product_4184541720.jpg
97,image_1285835417_product_4017665301.jpg
98,image_1295677893_product_4126964358.jpg
99,image_1282555749_product_4057546688.jpg
100,image_1286976634_product_4074704350.jpg
101,image_1307789490_product_4172825127.jpg
102,image_1298610967_product_4139344081.jpg
103,image_1313466234_product_4197680280.jpg
104,image_1304004661_product_4160804234.jpg
105,image_1298890940_product_4139509254.jpg
106,image_1276361918_product_4012870338.jpg
107,image_1319271412_product_4218753201.jpg
108,image_1275692033_product_4006535341.jpg
109,image_1310711409_product_4184543874.jpg
110,image_1240724102_product_3748204976.jpg
111,image_1262544687_product_3908516900.jpg
112,image_1267083233_product_3941727395.jpg
113,image_1322998614_product_4231409725.jpg
114,image_1307823196_product_4172827394.jpg
115,image_1254096706_product_3860072483.jpg
116,image_1283623767_product_4061593435.jpg
117,image_1301375147_product_4151253143.jpg
118,image_1283618429_product_4061593142.jpg
119,image_1281139008_product_4046992774.jpg
120,image_1290628338_product_4095303791.jpg
121,image_1298573110_product_4139341716.jpg
122,image_1282762034_product_4058943394.jpg
123,image_1254360006_product_3861293913.jpg
124,image_1256953936_product_3875041447.jpg
125,image_1328339684_product_4250681393.jpg
126,image_1275516949_product_4006491383.jpg
127,image_1276033159_product_4010224820.jpg
128,image_1257671596_product_3881724284.jpg
129,image_1310724099_product_4184544114.jpg
130,image_1287490356_product_4078699499.jpg
131,image_1254368221_product_3861294719.jpg
132,image_1248587301_product_3816384050.jpg
133,image_1317371546_product_4212779811.jpg
134,image_1291977486_product_4105521597.jpg
135,image_1267321675_product_3942397893.jpg
136,image_1248645671_product_3816940896.jpg
137,image_1274894557_product_4001821270.jpg
138,image_1310666411_product_4182266271.jpg
139,image_1283911724_product_4061627303.jpg
140,image_1283909538_product_4061626626.jpg
141,image_1313518266_product_4199252342.jpg
142,image_1248209347_product_3814580381.jpg
143,image_1262276269_product_3906572985.jpg
144,image_1302888032_product_4156933971.jpg
145,image_1310863612_product_4184607719.jpg
146,image_1328398205_product_4250637817.jpg
147,image_1304027584_product_4160808829.jpg
148,image_1221769877_product_3566352983.jpg
149,image_1254407086_product_3859877876.jpg
150,image_1271088867_product_3974956699.jpg
151,image_1282001729_product_4050751074.jpg
152,image_1295536896_product_4126960338.jpg
153,image_1304045540_product_4160812554.jpg
154,image_1287558617_product_4071378338.jpg
155,image_1279134335_product_4037580484.jpg
156,image_1258150357_product_3883965112.jpg
157,image_1275535418_product_4006493800.jpg
158,image_1282754982_product_4058572477.jpg
159,image_1301340303_product_4150978933.jpg
160,image_1323871447_product_4234090600.jpg
161,image_1299292156_product_4141675921.jpg
162,image_1253471173_product_3856810170.jpg
163,image_1316978959_product_4211079792.jpg
164,image_1267080297_product_3941727251.jpg
165,image_1309992399_product_4181947357.jpg
166,image_1136975528_product_2336098298.jpg
167,image_1309111861_product_4179598787.jpg
168,image_1328278687_product_4250628404.jpg
169,image_1309999277_product_4181947953.jpg
170,image_1312734137_product_4195563827.jpg
171,image_1301527127_product_4150996584.jpg
172,image_1328429143_product_4250640630.jpg
173,image_1257242419_product_3879893822.jpg
174,image_1270568239_product_3972161201.jpg
175,image_1301535171_product_4150997293.jpg
176,image_1313132839_product_4197654699.jpg
177,image_1300263156_product_4145469454.jpg
178,image_1258382968_product_3883432597.jpg
179,image_1275526983_product_4006491818.jpg
180,image_1271022197_product_3974951577.jpg
181,image_1255401663_product_3869061066.jpg
182,image_1250249159_product_3831234261.jpg
183,image_1254914376_product_3866982901.jpg
184,image_1305337495_product_4165065134.jpg
185,image_1268427226_product_3951006517.jpg
186,image_1282760693_product_4058943260.jpg
187,image_1313520585_product_4199252370.jpg
188,image_1262277272_product_3906573016.jpg
189,image_1282991733_product_4057855881.jpg
190,image_1282026467_product_4050759585.jpg
191,image_1307874681_product_4172854931.jpg
192,image_1265182901_product_3929867564.jpg
193,image_1317389198_product_4212780340.jpg
194,image_1317492991_product_4213277012.jpg
195,image_1313515115_product_4199252294.jpg
196,image_1248205249_product_3814504932.jpg
197,image_1280118485_product_4042483663.jpg
198,image_1307779213_product_4172824378.jpg
199,image_1298867448_product_4139508557.jpg
200,image_1311434100_product_4187123590.jpg
201,image_1318276982_product_4217911205.jpg
202,image_1270925209_product_3974661858.jpg
203,image_1288985701_product_4085932973.jpg
204,image_1279765680_product_4041457873.jpg
205,image_1255285656_product_3869237691.jpg
206,image_1309093485_product_4179594003.jpg
207,image_1251624207_product_3844283491.jpg
208,image_1253219212_product_3854773178.jpg
209,image_1313039082_product_4197486645.jpg
210,image_1283416580_product_4061577521.jpg
211,image_1244547523_product_3785102765.jpg
212,image_1268714404_product_3951838398.jpg
213,image_1276044169_product_4010225100.jpg
214,image_1246071434_product_3797074220.jpg
215,image_1265371777_product_3930103270.jpg
216,image_1323880641_product_4234091156.jpg
217,image_1258508649_product_3885602751.jpg
218,image_1298900963_product_4139509383.jpg
219,image_1323083117_product_4231411110.jpg
220,image_1321893684_product_4229382182.jpg
221,image_1307847162_product_4172911439.jpg
222,image_1313525317_product_4199252438.jpg
223,image_1310866869_product_4184607891.jpg
224,image_1287041318_product_4074712835.jpg
225,image_1294194480_product_4122556854.jpg
226,image_1282010073_product_4050755496.jpg
227,image_1310678816_product_4182267012.jpg
228,image_1269060131_product_3953863845.jpg
229,image_1258189041_product_3883965627.jpg
230,image_1275575646_product_4006497211.jpg
231,image_1252189906_product_3847769214.jpg
232,image_1292014804_product_4105723231.jpg
233,image_1286843997_product_4074696659.jpg
234,image_1313428885_product_4197675229.jpg
235,image_1323882466_product_4234091204.jpg
236,image_1262286176_product_3906573394.jpg
237,image_1291289378_product_4101477022.jpg
238,image_1287044655_product_4074713204.jpg
239,image_1298867170_product_4139508552.jpg
240,image_1292399795_product_4108946117.jpg
241,image_1283920926_product_4063204633.jpg
242,image_1275528934_product_4006491985.jpg
243,image_1323299836_product_4231695840.jpg
244,image_1257259330_product_3879922958.jpg
245,image_1268426157_product_3951006394.jpg
246,image_1276444325_product_4013275945.jpg
247,image_1254492406_product_3861224750.jpg
248,image_1275455016_product_4006484823.jpg
249,image_1282969147_product_4057853701.jpg
250,image_1286710797_product_4071959380.jpg
251,image_1270603139_product_3972162677.jpg
252,image_1289818156_product_4089928267.jpg
253,image_1282581218_product_4057554695.jpg
254,image_1262596185_product_3908956284.jpg
255,image_1264262452_product_3925169955.jpg
256,image_1254509236_product_3861225667.jpg
257,image_1275454592_product_4006484780.jpg
258,image_1328251028_product_4250626799.jpg
259,image_1281965135_product_4050742135.jpg
260,image_1310334374_product_4181899588.jpg
261,image_1282821384_product_4058285686.jpg
262,image_1313520737_product_4199252375.jpg
263,image_1262277319_product_3906573021.jpg
264,image_1295525538_product_4126959873.jpg
265,image_1313434359_product_4197675869.jpg
266,image_1298539925_product_4139339679.jpg
267,image_1294190902_product_4122554830.jpg
268,image_1271458740_product_3976921726.jpg
269,image_1275652147_product_4006511635.jpg
270,image_1262549982_product_3908517062.jpg
271,image_1286902359_product_4074700640.jpg
272,image_1285832587_product_4017664714.jpg
273,image_1257407740_product_3881319440.jpg
274,image_1317241007_product_4211714381.jpg
275,image_1316921736_product_4211077023.jpg
276,image_1269410722_product_3957789406.jpg
277,image_1283710324_product_4061600162.jpg
278,image_1268610303_product_3951727904.jpg
279,image_1275653947_product_4006517024.jpg
280,image_1268441352_product_3951007634.jpg
281,image_1282007393_product_4050753664.jpg
282,image_1262561317_product_3908517400.jpg
283,image_1277511073_product_4019799999.jpg
284,image_1246110453_product_3797081660.jpg
285,image_1309645326_product_4179726684.jpg
286,image_1271095786_product_3974957493.jpg
287,image_1279755215_product_4041456034.jpg
288,image_1284782599_product_4065772041.jpg
289,image_1275521746_product_4006491592.jpg
290,image_1254311858_product_3861222247.jpg
291,image_1237186901_product_3716584435.jpg
292,image_1310680527_product_4184543351.jpg
293,image_1282537077_product_4057543418.jpg
294,image_1262529136_product_3908516302.jpg
295,image_1313450302_product_4197677763.jpg
296,image_1268417013_product_3951005503.jpg
297,image_1240723236_product_3748204569.jpg
298,image_1304042187_product_4160812035.jpg
299,image_1271026845_product_3974951921.jpg
300,image_1276308703_product_4012661936.jpg
301,image_1324002068_product_4232366251.jpg
302,image_1276049553_product_4010225198.jpg
303,image_1253969668_product_3859455986.jpg
304,image_1322084471_product_4229650512.jpg
305,image_1309068552_product_4179411418.jpg
306,image_1238744306_product_3729479642.jpg
307,image_1254301233_product_3859876502.jpg
308,image_1307822815_product_4172827346.jpg
309,image_1307823185_product_4172827392.jpg
310,image_1268643494_product_3951729684.jpg
311,image_1275679497_product_4006528765.jpg
312,image_1255022773_product_3867016353.jpg
313,image_1276049725_product_4010225200.jpg
314,image_1262524988_product_3908516208.jpg
315,image_1307832437_product_4172828505.jpg
316,image_1245186660_product_3789532574.jpg
317,image_1313429534_product_4197675365.jpg
318,image_1273999389_product_3995367035.jpg
319,image_1282011000_product_4050755745.jpg
320,image_1311435205_product_4187123752.jpg
321,image_1301731673_product_4151005899.jpg
322,image_1275675327_product_4006528451.jpg
323,image_1282633656_product_4057849143.jpg
324,image_1311426780_product_4187121114.jpg
325,image_1254468129_product_3861755270.jpg
326,image_1283862810_product_4061620374.jpg
327,image_1282994430_product_4057855991.jpg
328,image_1282027011_product_4050759799.jpg
329,image_1262504362_product_3908515822.jpg
330,image_1276312569_product_4012662249.jpg
331,image_1288959348_product_4085932201.jpg
332,image_1282008463_product_4050754151.jpg
333,image_1276288720_product_4012660115.jpg
334,image_1273993667_product_3995366811.jpg
335,image_1280129466_product_4042486779.jpg
336,image_1282009626_product_4050754919.jpg
337,image_1311216854_product_4186473653.jpg
338,image_1280432190_product_4044748159.jpg
339,image_1275715835_product_4006540049.jpg
340,image_1284108841_product_4063219135.jpg
341,image_1275643626_product_4006510096.jpg
342,image_1258669271_product_3883456837.jpg
343,image_1276005507_product_4010222111.jpg
344,image_1313567685_product_4199253025.jpg
345,image_1325220186_product_4240773302.jpg
346,image_885715631_product_131496943.jpg
347,image_885196357_product_122672336.jpg
348,image_1266837106_product_3940017463.jpg
349,image_1310003243_product_4181948179.jpg
350,image_1276316786_product_4012662634.jpg
351,image_1270560805_product_3972160947.jpg
352,image_1276444739_product_4013276036.jpg
353,image_1323688758_product_4234147397.jpg
354,image_1264784249_product_3927152371.jpg
355,image_1295770851_product_4126965928.jpg
356,image_1301538942_product_4150997659.jpg
357,image_1328538380_product_4250644687.jpg
358,image_1271551081_product_3976944786.jpg
359,image_1264612135_product_3925558198.jpg
360,image_1311213908_product_4186472496.jpg
361,image_1276288164_product_4012660066.jpg
362,image_1313521719_product_4199252384.jpg
363,image_1248211799_product_3814580430.jpg
364,image_1295789459_product_4126966220.jpg
365,image_1276428712_product_4013272266.jpg
366,image_1298930445_product_4139510246.jpg
367,image_1292020387_product_4105727985.jpg
368,image_1323885945_product_4234091372.jpg
369,image_1325226110_product_4240793788.jpg
370,image_1280097909_product_4042480133.jpg
371,image_1276325297_product_4012664917.jpg
372,image_1297782052_product_4137060965.jpg
373,image_1250925064_product_3836884807.jpg
374,image_1310229988_product_4182227098.jpg
375,image_1283605254_product_4061587525.jpg
376,image_1257459155_product_3881468554.jpg
377,image_1257229260_product_3879889711.jpg
378,image_1268422051_product_3951005907.jpg
379,image_1310032485_product_4181950067.jpg
380,image_1313350867_product_4197513928.jpg
381,image_1283521447_product_4061582529.jpg
382,image_1263730435_product_3921174955.jpg
383,image_1303082943_product_4157459056.jpg
384,image_1250933657_product_3836735348.jpg
385,image_1275656984_product_4006517655.jpg
386,image_1258647740_product_3883456169.jpg
387,image_1276002805_product_4010221980.jpg
388,image_1264812644_product_3927643370.jpg
389,image_1268430507_product_3951006778.jpg
390,image_1285875838_product_4017685504.jpg
391,image_1287022479_product_4074711855.jpg
392,image_1280693009_product_4046437747.jpg
393,image_1289001685_product_4085958910.jpg
394,image_1275597721_product_4006498402.jpg
395,image_1254480940_product_3859879038.jpg
396,image_1276429846_product_4013272515.jpg
397,image_1309075053_product_4179414832.jpg
398,image_1281329576_product_4050826255.jpg
399,image_1268414827_product_3951005201.jpg
400,image_1273870842_product_3995345240.jpg
401,image_1311393501_product_4187115310.jpg
402,image_1227163050_product_3607250774.jpg
403,image_1295567334_product_4126961700.jpg
404,image_1257227127_product_3879889399.jpg
405,image_1282973069_product_4057855250.jpg
406,image_1262172817_product_3905724444.jpg
407,image_1280428997_product_4045060525.jpg
408,image_1290627825_product_4095303737.jpg
409,image_1322222985_product_4229834892.jpg
410,image_1285833243_product_4017664890.jpg
411,image_1273819184_product_3995332811.jpg
412,image_1260259268_product_3893191317.jpg
413,image_1261423334_product_3898727041.jpg
414,image_1315620315_product_4204368357.jpg
415,image_1281130694_product_4046991947.jpg
416,image_1275482934_product_4006488313.jpg
417,image_1271274437_product_3976900217.jpg
418,image_1276221491_product_4012178495.jpg
419,image_1297791692_product_4137061272.jpg
420,image_1294104344_product_4122227135.jpg
421,image_1305321361_product_4165063819.jpg
422,image_1313555147_product_4199252829.jpg
423,image_1299306766_product_4141676772.jpg
424,image_1288980897_product_4085932880.jpg
425,image_1301868207_product_4153638763.jpg
426,image_1268435490_product_3951007358.jpg
427,image_1266906928_product_3940234158.jpg
428,image_1277540463_product_4019817045.jpg
429,image_1310052837_product_4181954088.jpg
430,image_1261562124_product_3900589743.jpg
431,image_1312222652_product_4193794543.jpg
432,image_1253946448_product_3859351987.jpg
433,image_1284112872_product_4063411614.jpg
434,image_1266840396_product_3940017828.jpg
435,image_1276440625_product_4013274725.jpg
436,image_1317356263_product_4212779440.jpg
437,image_1290638141_product_4095304706.jpg
438,image_1246071121_product_3797074197.jpg
439,image_1265371021_product_3930076549.jpg
440,image_1262536117_product_3908875483.jpg
441,image_1273966702_product_3995365519.jpg
442,image_1301536347_product_4150997411.jpg
443,image_1268467810_product_3951008428.jpg
444,image_1282019487_product_4050756389.jpg
445,image_1289249447_product_4087633655.jpg
446,image_1276008151_product_4010222392.jpg
447,image_1282910148_product_4057767584.jpg
448,image_1281712812_product_4052947038.jpg
449,image_1262581323_product_3908518222.jpg
450,image_1285839791_product_4017666051.jpg
451,image_1289802170_product_4089926261.jpg
452,image_1255010996_product_3867148391.jpg
453,image_1275700796_product_4006535733.jpg
454,image_1328492431_product_4250642640.jpg
455,image_1313446686_product_4197677542.jpg
456,image_1287837286_product_4079436630.jpg
457,image_1328577156_product_4250645341.jpg
458,image_1268468591_product_3951008445.jpg
459,image_1304009188_product_4160805366.jpg
460,image_1286985799_product_4074704835.jpg
461,image_1280700075_product_4046438407.jpg
462,image_1328300085_product_4250631305.jpg
463,image_1280056020_product_4042479166.jpg
464,image_1238291379_product_3727584782.jpg
465,image_1281912748_product_4050714706.jpg
466,image_1275707594_product_4006536538.jpg
467,image_1288906760_product_4085922478.jpg
468,image_1309975800_product_4181945573.jpg
469,image_1289018884_product_4085960129.jpg
470,image_1275611453_product_4006500975.jpg
471,image_1254479879_product_3861779358.jpg
472,image_1256932026_product_3875026441.jpg
473,image_1236539502_product_3708928936.jpg
474,image_1227159675_product_3607250110.jpg
475,image_1328516592_product_4250644296.jpg
476,image_1282008960_product_4050754302.jpg
477,image_1287049287_product_4074716381.jpg
478,image_1298566272_product_4139341222.jpg
479,image_1311435186_product_4187123750.jpg
480,image_1276431739_product_4013272826.jpg
481,image_1245177680_product_3789529974.jpg
482,image_1237273632_product_3716304848.jpg
483,image_1246113657_product_3797081715.jpg
484,image_1270618691_product_3972427951.jpg
485,image_1258097670_product_3883744206.jpg
486,image_1286844238_product_4074696670.jpg
487,image_1237261226_product_3716299213.jpg
488,image_1310724777_product_4184544133.jpg
489,image_1287490722_product_4078699508.jpg
490,image_1246074029_product_3797080315.jpg
491,image_1322121576_product_4228956599.jpg
492,image_1288987703_product_4085933018.jpg
493,image_1304008742_product_4160805321.jpg
494,image_1289032544_product_4085961988.jpg
495,image_1275628571_product_4006507875.jpg
496,image_1307427796_product_4171503368.jpg
497,image_1311494467_product_4182395615.jpg
498,image_1266841725_product_3940018292.jpg
499,image_1240724223_product_3748205006.jpg
500,image_1267162728_product_3941810499.jpg
501,image_1275660339_product_4006517777.jpg
502,image_1310342054_product_4182236450.jpg
503,image_1257261588_product_3879888079.jpg
504,image_1262587956_product_3908518430.jpg
505,image_1289803526_product_4089926435.jpg
506,image_1268418755_product_3951005678.jpg
507,image_1257231446_product_3879890328.jpg
508,image_1277498951_product_4019796696.jpg
509,image_1317083635_product_4211501204.jpg
510,image_1294110407_product_4122229010.jpg
511,image_1245190959_product_3789535301.jpg
512,image_1279755684_product_4041456205.jpg
513,image_1282634446_product_4057849572.jpg
514,image_1255589679_product_3870360967.jpg
515,image_1277528411_product_4019812310.jpg
516,image_1312699782_product_4195560439.jpg
517,image_1301522677_product_4150996210.jpg
518,image_1270603203_product_3972162678.jpg
519,image_1276296297_product_4012661016.jpg
520,image_1280068015_product_4042479408.jpg
521,image_1289793535_product_4089924617.jpg
522,image_1279397955_product_4037924793.jpg
523,image_1316975802_product_4211260579.jpg
524,image_1260077068_product_3889373017.jpg
525,image_1252553113_product_3850010502.jpg
526,image_1237579226_product_3721544299.jpg
527,image_1250249493_product_3831234302.jpg
528,image_1281962463_product_4050741945.jpg
529,image_1298566022_product_4139341217.jpg
530,image_1304016630_product_4160807232.jpg
531,image_1310306770_product_4182232973.jpg
532,image_1283656475_product_4061596353.jpg
533,image_1312729188_product_4195563549.jpg
534,image_1260350607_product_3893198035.jpg
535,image_1236516721_product_3708921112.jpg
536,image_1282528952_product_4057542985.jpg
537,image_1277593733_product_4023548580.jpg
538,image_1299756833_product_4143494524.jpg
539,image_1275485726_product_4006488521.jpg
540,image_1276220686_product_4012105820.jpg
541,image_1310790524_product_4182276909.jpg
542,image_1300818260_product_4149009935.jpg
543,image_1236547816_product_3708930838.jpg
544,image_1279754301_product_4041455889.jpg
545,image_1271106268_product_3974958278.jpg
546,image_1287839411_product_4079436752.jpg
547,image_1123909321_product_2064837612.jpg
548,image_1071475379_product_1293262072.jpg
549,image_1115453820_product_1938306392.jpg
550,image_1310848307_product_4184547610.jpg
551,image_1260363489_product_3893203758.jpg
552,image_1248293202_product_3814338381.jpg
553,image_1283539891_product_4061583952.jpg
554,image_1255060581_product_3867034223.jpg
555,image_1257709611_product_3881725411.jpg
556,image_1268432470_product_3951006963.jpg
557,image_1282565004_product_4057547930.jpg
558,image_1253676857_product_3858376389.jpg
559,image_1265182242_product_3929867536.jpg
560,image_1294390072_product_4123083538.jpg
561,image_1307663750_product_4172334466.jpg
562,image_1286962023_product_4074703376.jpg
563,image_1266898256_product_3940231436.jpg
564,image_1306612452_product_4168967325.jpg
565,image_1263690795_product_3920853977.jpg
566,image_1322225589_product_4229835159.jpg
567,image_1300059759_product_4144867975.jpg
568,image_1257406564_product_3881319412.jpg
569,image_1247570445_product_3811392036.jpg
570,image_1313540534_product_4199252644.jpg
571,image_1325230077_product_4240794050.jpg
572,image_1267340276_product_3942386274.jpg
573,image_1257877086_product_3883347661.jpg
574,image_1295847803_product_4126967225.jpg
575,image_1294186988_product_4122553571.jpg
576,image_1266969028_product_3940053849.jpg
577,image_1246074038_product_3797080316.jpg
578,image_1281772085_product_4050842312.jpg
579,image_1288921904_product_4085925157.jpg
580,image_1258515503_product_3885604134.jpg
581,image_1260368271_product_3893204226.jpg
582,image_1282613050_product_4057847246.jpg
583,image_1257241595_product_3879893736.jpg
584,image_1282761690_product_4058943359.jpg
585,image_1288996832_product_4085933484.jpg
586,image_1307760573_product_4172822819.jpg
587,image_1282585802_product_4057555658.jpg
588,image_1267086011_product_3941727540.jpg
589,image_1289811275_product_4089927630.jpg
590,image_1285857975_product_4017676613.jpg
591,image_1282809266_product_4058578291.jpg
592,image_1279153894_product_4037582120.jpg
593,image_1316280397_product_4209024778.jpg
594,image_1269028648_product_3955080753.jpg
595,image_1260752159_product_3895425134.jpg
596,image_1312598378_product_4195549949.jpg
597,image_1282518340_product_4057540178.jpg
598,image_1307843545_product_4172829968.jpg
599,image_1301629862_product_4151267192.jpg
600,image_1283917567_product_4061631679.jpg
601,image_1280115165_product_4042483218.jpg
602,image_1279755546_product_4041456187.jpg
603,image_1257245788_product_3879894054.jpg
604,image_1270580434_product_3972162365.jpg
605,image_1304020037_product_4160807573.jpg
606,image_1309055965_product_4179409680.jpg
607,image_1256861331_product_3874567405.jpg
608,image_1266821947_product_3940016691.jpg
609,image_1237582120_product_3721545357.jpg
610,image_1286015543_product_4072077545.jpg
611,image_1313465600_product_4197680141.jpg
612,image_1313515714_product_4199252300.jpg
613,image_1325271611_product_4240795330.jpg
614,image_1245210742_product_3789601023.jpg
615,image_1275578825_product_4006497398.jpg
616,image_1271534037_product_3976937380.jpg
617,image_1258230251_product_3883415715.jpg
618,image_1275549181_product_4006494452.jpg
619,image_1284182106_product_4063235394.jpg
620,image_1275682544_product_4006530361.jpg
621,image_1313389158_product_4197515932.jpg
622,image_1283744812_product_4061608488.jpg
623,image_1317373762_product_4212779899.jpg
624,image_1282996118_product_4057856060.jpg
625,image_1271086126_product_3974956650.jpg
626,image_1255898126_product_3872340932.jpg
627,image_1291998960_product_4105526268.jpg
628,image_1280711088_product_4046496789.jpg
629,image_1281245732_product_4050591449.jpg
630,image_1276308935_product_4012721120.jpg
631,image_1257418081_product_3881319986.jpg
632,image_1270627788_product_3971759549.jpg
633,image_1313536154_product_4199252568.jpg
634,image_1302893603_product_4156934213.jpg
635,image_1307191384_product_4170894183.jpg
636,image_1279497061_product_4037937472.jpg
637,image_1268782890_product_3953644400.jpg
638,image_1282774904_product_4058944865.jpg
639,image_1251486330_product_3842786528.jpg
640,image_1260364641_product_3893203855.jpg
641,image_1282844409_product_4057527716.jpg
642,image_1299737520_product_4143492972.jpg
643,image_1313058545_product_4197487501.jpg
644,image_1269382502_product_3957783781.jpg
645,image_1322217167_product_4229834491.jpg
646,image_1304023748_product_4160808340.jpg
647,image_1282565941_product_4057548059.jpg
648,image_1310807485_product_4184546097.jpg
649,image_1281998681_product_4050750361.jpg
650,image_1280083578_product_4042479793.jpg
651,image_1301525034_product_4150996450.jpg
652,image_1264598709_product_3925557144.jpg
653,image_1279756798_product_4041456365.jpg
654,image_1257411377_product_3881319630.jpg
655,image_1267324018_product_3942319235.jpg
656,image_1253962602_product_3859438266.jpg
657,image_1273024401_product_3992385724.jpg
658,image_1281735220_product_4047004056.jpg
659,image_1275601280_product_4006499627.jpg
660,image_1266174309_product_3935903959.jpg
661,image_1257250371_product_3879892309.jpg
662,image_1306845637_product_4168957110.jpg
663,image_1314582398_product_4202222408.jpg
664,image_1256943037_product_3875034313.jpg
665,image_1283548791_product_4061584142.jpg
666,image_1257411126_product_3881319624.jpg
667,image_1266169879_product_3935902433.jpg
668,image_1273025343_product_3992471991.jpg
669,image_1281303530_product_4050851094.jpg
670,image_1281303484_product_4050851090.jpg
671,image_1266876520_product_3940021529.jpg
672,image_1277522650_product_4019807063.jpg
673,image_1280710023_product_4046439190.jpg
674,image_1260357511_product_3893199513.jpg
675,image_1236525742_product_3708926273.jpg
676,image_1294218273_product_4122562030.jpg
677,image_1257499793_product_3881470259.jpg
678,image_1279587165_product_4040103617.jpg
679,image_1227165777_product_3607251292.jpg
680,image_1264546469_product_3925556174.jpg
681,image_1285877984_product_4017685877.jpg
682,image_1268695900_product_3951837102.jpg
683,image_1250959035_product_3836820856.jpg
684,image_1295769394_product_4126965903.jpg
685,image_1282568630_product_4057550366.jpg
686,image_1282005378_product_4050752982.jpg
687,image_1257247339_product_3879894277.jpg
688,image_1254318297_product_3861223364.jpg
689,image_1283693282_product_4061598818.jpg
690,image_1323893487_product_4234091536.jpg
691,image_1325258753_product_4240794928.jpg
692,image_1271463815_product_3976922265.jpg
693,image_1275666517_product_4006518787.jpg
694,image_1238728975_product_3729468616.jpg
695,image_1281717038_product_4052947382.jpg
696,image_1289034394_product_4085962052.jpg
697,image_1275630256_product_4006507927.jpg
698,image_1312844774_product_4195573166.jpg
699,image_1282010045_product_4050755489.jpg
700,image_1254395997_product_3861644591.jpg
701,image_1283872414_product_4061620882.jpg
702,image_1271099226_product_3974957639.jpg
703,image_1304020052_product_4160807575.jpg
704,image_1318826408_product_4217858668.jpg
705,image_1223400252_product_3580768989.jpg
706,image_1275508780_product_4006491163.jpg
707,image_1268613130_product_3951727975.jpg
708,image_1275656572_product_4006517540.jpg
709,image_1318783865_product_4217852563.jpg
710,image_1275474702_product_4006487936.jpg
711,image_1307232994_product_4170969406.jpg
712,image_1279857873_product_4041957385.jpg
713,image_1310074561_product_4181961495.jpg
714,image_1273870888_product_3995345243.jpg
715,image_1276315264_product_4012662474.jpg
716,image_1252566160_product_3850010800.jpg
717,image_1298491877_product_4139337036.jpg
718,image_1276445702_product_4013276120.jpg
719,image_1238292768_product_3727585501.jpg
720,image_1310719320_product_4184544020.jpg
721,image_1250962264_product_3836835351.jpg
722,image_1310007520_product_4181948563.jpg
723,image_1310778147_product_4184545733.jpg
724,image_1289799939_product_4089925848.jpg
725,image_1236526152_product_3708926457.jpg
726,image_1252631943_product_3850031982.jpg
727,image_1236536616_product_3708928434.jpg
728,image_1227169952_product_3607252479.jpg
729,image_1312633584_product_4195551413.jpg
730,image_1276438196_product_4013274288.jpg
731,image_1310397998_product_4182240282.jpg
732,image_1283712872_product_4061600455.jpg
733,image_1280478074_product_4045072312.jpg
734,image_1275660494_product_4006517782.jpg
735,image_1312719151_product_4195563223.jpg
736,image_1307826755_product_4172827776.jpg
737,image_1281930629_product_4050716405.jpg
738,image_1275715499_product_4006540036.jpg
739,image_1257455846_product_3881467701.jpg
740,image_1273875442_product_3995345812.jpg
741,image_1282538948_product_4057543664.jpg
742,image_1280341128_product_4044739651.jpg
743,image_1275523048_product_4006491619.jpg
744,image_1298954357_product_4139511542.jpg
745,image_1286713867_product_4071959812.jpg
746,image_1258129142_product_3883964818.jpg
747,image_1275516819_product_4006491372.jpg
748,image_1298941291_product_4139510654.jpg
749,image_1303123722_product_4157460574.jpg
750,image_1298555124_product_4139340054.jpg
751,image_1311432703_product_4187123475.jpg
752,image_1250929821_product_3836829624.jpg
753,image_1285849534_product_4017672396.jpg
754,image_1252648267_product_3850035690.jpg
755,image_1286995827_product_4074710251.jpg
756,image_1307778465_product_4172824306.jpg
757,image_1258501633_product_3885602501.jpg
758,image_1247850390_product_3813556964.jpg
759,image_1312862460_product_4195573560.jpg
760,image_1304007100_product_4160804865.jpg
761,image_1268784804_product_3953644616.jpg
762,image_1254482507_product_3859879085.jpg
763,image_1279760566_product_4041456873.jpg
764,image_1220253136_product_3541038040.jpg
765,image_1269512193_product_3959938724.jpg
766,image_1250890825_product_3836485058.jpg
767,image_1275976367_product_4010220267.jpg
768,image_1298615854_product_4139344141.jpg
769,image_1304005394_product_4160804410.jpg
770,image_1187620680_product_207304861.jpg
771,image_1187620684_product_3052890878.jpg
772,image_1284908116_product_4066225750.jpg
773,image_1275578677_product_4006497395.jpg
774,image_1298487457_product_4139336728.jpg
775,image_1307841294_product_4172829587.jpg
776,image_1252583748_product_3850028654.jpg
777,image_1254426789_product_3859878100.jpg
778,image_1304023298_product_4160808260.jpg
779,image_1275471921_product_4006486303.jpg
780,image_1145366647_product_2494083150.jpg
781,image_1322258235_product_4229836681.jpg
782,image_1281999732_product_4050750661.jpg
783,image_1294214642_product_4122561635.jpg
784,image_1254436790_product_3859878238.jpg
785,image_1271095741_product_3974957491.jpg
786,image_1252164134_product_3847766057.jpg
787,image_1275677074_product_4006528542.jpg
788,image_1287038854_product_4074712767.jpg
789,image_1268449527_product_3951007933.jpg
790,image_1254671517_product_3863844918.jpg
791,image_1283505208_product_4061581395.jpg
792,image_1308777741_product_4177860101.jpg
793,image_1285392499_product_4068376797.jpg
794,image_1246116168_product_3797081872.jpg
795,image_1314435859_product_4202302779.jpg
796,image_1328310542_product_4250631868.jpg
797,image_1280062108_product_4042479287.jpg
798,image_1295555147_product_4126961468.jpg
799,image_1294485342_product_4122564663.jpg
800,image_1260252466_product_3894928246.jpg
801,image_1273747569_product_3992784651.jpg
802,image_1306095603_product_4167131646.jpg
803,image_1328255616_product_4250627070.jpg
804,image_1271568690_product_3976966243.jpg
805,image_1282865248_product_4057530251.jpg
806,image_1312758280_product_4195807708.jpg
807,image_1313511125_product_4199252252.jpg
808,image_1310860246_product_4184606844.jpg
809,image_1307868721_product_4172854702.jpg
810,image_1265190033_product_3929867704.jpg
811,image_1244541706_product_3785102233.jpg
812,image_1257678882_product_3881724586.jpg
813,image_1276052674_product_4010225262.jpg
814,image_1257673700_product_3881724340.jpg
815,image_1298546579_product_4139339870.jpg
816,image_1280127289_product_4042485093.jpg
817,image_1282008871_product_4050754276.jpg
818,image_1313525483_product_4199252440.jpg
819,image_1258498282_product_3885602327.jpg
820,image_1264216243_product_3924747082.jpg
821,image_1312653490_product_4195677282.jpg
822,image_1310877865_product_4184548616.jpg
823,image_1279757497_product_4041456472.jpg
824,image_1299192085_product_4139570946.jpg
825,image_1312754566_product_4195807444.jpg
826,image_1328593017_product_4250646589.jpg
827,image_1282585721_product_4057555650.jpg
828,image_1262600404_product_3908520575.jpg
829,image_1310048883_product_4181953018.jpg
830,image_1298491068_product_4139337019.jpg
831,image_1298812754_product_4139506998.jpg
832,image_1276445637_product_4013276108.jpg
833,image_1312830416_product_4195572863.jpg
834,image_1307771039_product_4172823674.jpg
835,image_1266834949_product_3940016948.jpg
836,image_1221451821_product_3563521254.jpg
837,image_1279839929_product_4041937024.jpg
838,image_1282773345_product_4058944578.jpg
839,image_1285873321_product_4017684998.jpg
840,image_1258389894_product_3883433188.jpg
841,image_1298953665_product_4139511492.jpg
842,image_1294109349_product_4122228355.jpg
843,image_1313535623_product_4199252550.jpg
844,image_1262282997_product_3906573222.jpg
845,image_1307469097_product_4171080485.jpg
846,image_1276012668_product_4010222787.jpg
847,image_1254438521_product_3859878266.jpg
848,image_1282003945_product_4050752671.jpg
849,image_1262607481_product_3908521681.jpg
850,image_1282006637_product_4050753332.jpg
851,image_1264556024_product_3925556277.jpg
852,image_1280690645_product_4046437485.jpg
853,image_1301532073_product_4150996919.jpg
854,image_1328237644_product_4250626042.jpg
855,image_1276306275_product_4012661743.jpg
856,image_1309057291_product_4179409780.jpg
857,image_1316967022_product_4211259757.jpg
858,image_1288382214_product_4081499446.jpg
859,image_1280709402_product_4046495447.jpg
860,image_1324091710_product_4236042030.jpg
861,image_1279804357_product_4041645578.jpg
862,image_1220739459_product_3552315627.jpg
863,image_1238290614_product_3727584503.jpg
864,image_1287490238_product_4078699489.jpg
865,image_1205178220_product_3303117611.jpg
866,image_1313520395_product_4199252367.jpg
867,image_1248210734_product_3814580409.jpg
868,image_1289323202_product_4087910282.jpg
869,image_1275582939_product_4006497520.jpg
870,image_1323319227_product_4231413076.jpg
871,image_1275506369_product_4006490907.jpg
872,image_1287019325_product_4074711611.jpg
873,image_1311213283_product_4186472108.jpg
874,image_1282862197_product_4057530058.jpg
875,image_1281726891_product_4052947877.jpg
876,image_1310770305_product_4182275851.jpg
877,image_1301453175_product_4151062991.jpg
878,image_1236548058_product_3708930985.jpg
879,image_1305341204_product_4165065895.jpg
880,image_1264629124_product_3925558511.jpg
881,image_1276431824_product_4013272849.jpg
882,image_1260386487_product_3893205136.jpg
883,image_1281231633_product_4047001096.jpg
884,image_1280447863_product_4045066416.jpg
885,image_1275565896_product_4006495357.jpg
886,image_1271504303_product_3976926125.jpg
887,image_1275480675_product_4006488245.jpg
888,image_1310630189_product_4184540675.jpg
889,image_1285872358_product_4017684879.jpg
890,image_1250248332_product_3831234042.jpg
891,image_1277537872_product_4019816577.jpg
892,image_1310806090_product_4184546056.jpg
893,image_1301530998_product_4150996829.jpg
894,image_1282373179_product_4056051496.jpg
895,image_1275555811_product_4006494858.jpg
896,image_1284159203_product_4063229970.jpg
897,image_1280483930_product_4045072786.jpg
898,image_1275671266_product_4006519308.jpg
899,image_1257473573_product_3881469322.jpg
900,image_1276442462_product_4013275581.jpg
901,image_1257234452_product_3879891170.jpg
902,image_1323870292_product_4234090575.jpg
903,image_1258489477_product_3885602053.jpg
904,image_1289163930_product_4085984570.jpg
905,image_1275723888_product_4006541235.jpg
906,image_1268425980_product_3951006367.jpg
907,image_1311414490_product_4187118509.jpg
908,image_1244548375_product_3785102806.jpg
909,image_1252181185_product_3847768076.jpg
910,image_1310377729_product_4182238874.jpg
911,image_1283697046_product_4061598994.jpg
912,image_1275149962_product_4003925876.jpg
913,image_1305892608_product_4167018364.jpg
914,image_1298515820_product_4139338407.jpg
915,image_1307778169_product_4172824274.jpg
916,image_1285869662_product_4017682701.jpg
917,image_1273846605_product_3995336293.jpg
918,image_1282524150_product_4057540764.jpg
919,image_1288995052_product_4085933445.jpg
920,image_1276362806_product_4012870465.jpg
921,image_1280144631_product_4042488319.jpg
922,image_1276362796_product_4012870463.jpg
923,image_1310486343_product_4182246511.jpg
924,image_1283777211_product_4061612079.jpg
925,image_1301605216_product_4151266397.jpg
926,image_1283892905_product_4061625291.jpg
927,image_1283912098_product_4063203991.jpg
928,image_1282351977_product_4056050104.jpg
929,image_1275520267_product_4006491564.jpg
930,image_1245237041_product_3789610180.jpg
931,image_1275679259_product_4006528750.jpg
932,image_1297802705_product_4137061539.jpg
933,image_1310079706_product_4181962186.jpg
934,image_1254293610_product_3859876182.jpg
935,image_1313382504_product_4197669375.jpg
936,image_1267084103_product_3941727431.jpg
937,image_1280709133_product_4046439094.jpg
938,image_1314346161_product_4202210678.jpg
939,image_1283897853_product_4061625566.jpg
940,image_1250916403_product_3836733693.jpg
941,image_1275574846_product_4006497184.jpg
942,image_1282813601_product_4057525302.jpg
943,image_1312694565_product_4195680042.jpg
944,image_1252564676_product_3850010752.jpg
945,image_1272968305_product_3992156318.jpg
946,image_1250911207_product_3836748951.jpg
947,image_1251436455_product_3842634007.jpg
948,image_1276225604_product_4012179191.jpg
949,image_1323881067_product_4234091167.jpg
950,image_1302895950_product_4156934266.jpg
951,image_1319225188_product_4218318048.jpg
952,image_1275674462_product_4006527504.jpg
953,image_1298565955_product_4139341216.jpg
954,image_1267996226_product_3945013704.jpg
955,image_1254291075_product_3859876033.jpg
956,image_1280065123_product_4042479342.jpg
957,image_1262538002_product_3908516708.jpg
958,image_1310004791_product_4181948387.jpg
959,image_1286008338_product_4071439153.jpg
960,image_1270213157_product_3969772789.jpg
961,image_1286894366_product_4074700418.jpg
962,image_1276353444_product_4012864113.jpg
963,image_1282612307_product_4057847174.jpg
964,image_1304029875_product_4160809330.jpg
965,image_1279752177_product_4041425521.jpg
966,image_1306907864_product_4168961971.jpg
967,image_1299783006_product_4143496840.jpg
968,image_1298534768_product_4139339458.jpg
969,image_1260373510_product_3893204547.jpg
970,image_1310057076_product_4181955235.jpg
971,image_1310575996_product_4182256678.jpg
972,image_1283854848_product_4061620026.jpg
973,image_1280110864_product_4042482876.jpg
974,image_1282002207_product_4050751184.jpg
975,image_1272968423_product_3992156331.jpg
976,image_1244548408_product_3785102808.jpg
977,image_1257736679_product_3881730381.jpg
978,image_1313557857_product_4199252869.jpg
979,image_1291289866_product_4101477045.jpg
980,image_1273978849_product_3995366151.jpg
981,image_1294199681_product_4122557738.jpg
982,image_1298873703_product_4139508718.jpg
983,image_1282011505_product_4050755865.jpg
984,image_1271443889_product_3976920309.jpg
985,image_1257734188_product_3881730093.jpg
986,image_1255248551_product_3868623338.jpg
987,image_1275605544_product_4006500109.jpg
988,image_1268438068_product_3951007468.jpg
989,image_1301540175_product_4150997780.jpg
990,image_1255059568_product_3867034176.jpg
991,image_1275975393_product_4010220182.jpg
992,image_1328532169_product_4250644616.jpg
993,image_1285874780_product_4017685269.jpg
994,image_1266966788_product_3940053412.jpg
995,image_1258615799_product_3883455425.jpg
996,image_1244989979_product_3787994696.jpg
997,image_1261430706_product_3898729891.jpg
998,image_1261430730_product_3898729894.jpg
999,image_1261430719_product_3898729893.jpg
1000,image_1264049685_product_3923104289.jpg
1001,image_1328528582_product_4250644571.jpg
1002,image_1266912069_product_3940235846.jpg
1003,image_1328593879_product_4250646605.jpg
1004,image_1285987977_product_4071897416.jpg
1005,image_1310703041_product_4184543713.jpg
1006,image_1313364315_product_4197668179.jpg
1007,image_1237273471_product_3716304835.jpg
1008,image_1281982204_product_4050745566.jpg
1009,image_1266913033_product_3940022908.jpg
1010,image_1276291713_product_4012660398.jpg
1011,image_1322143536_product_4229654091.jpg
1012,image_1321129634_product_4226521192.jpg
1013,image_1281214297_product_4047000459.jpg
1014,image_1275549944_product_4006494487.jpg
1015,image_1328251858_product_4250677465.jpg
1016,image_1275453833_product_4006484509.jpg
1017,image_1310529212_product_4182251252.jpg
1018,image_1283816237_product_4061615766.jpg
1019,image_1254472502_product_3861777935.jpg
1020,image_1283621866_product_4061593376.jpg
1021,image_1273951604_product_3995364781.jpg
1022,image_1282559220_product_4057547103.jpg
1023,image_1287317422_product_4074470181.jpg
1024,image_1244990157_product_3787994711.jpg
1025,image_1276008878_product_4010222437.jpg
1026,image_1295549520_product_4126961201.jpg
1027,image_1227164943_product_3607251129.jpg
1028,image_1297790139_product_4137061216.jpg
1029,image_1301502252_product_4150990359.jpg
1030,image_1295527539_product_4126959896.jpg
1031,image_1257436430_product_3881467167.jpg
1032,image_1328500282_product_4250687196.jpg
1033,image_1275632971_product_4006508426.jpg
1034,image_1306876890_product_4168958358.jpg
1035,image_1312736002_product_4195804670.jpg
1036,image_1257949750_product_3883413092.jpg
1037,image_1275456688_product_4006485097.jpg
1038,image_1312800577_product_4195569741.jpg
1039,image_1289808647_product_4089927336.jpg
1040,image_1309074275_product_4179414751.jpg
1041,image_1323731825_product_4233749795.jpg
1042,image_1262529346_product_3908516305.jpg
1043,image_1271558919_product_3976954174.jpg
1044,image_1313533318_product_4199252532.jpg
1045,image_1299299566_product_4141676338.jpg
1046,image_1288921654_product_4085924349.jpg
1047,image_1257521652_product_3881471086.jpg
1048,image_1301538673_product_4150997635.jpg
1049,image_1313565142_product_4199252985.jpg
1050,image_1316994927_product_4210982454.jpg
1051,image_1312708510_product_4195562870.jpg
1052,image_1240727076_product_3748205846.jpg
1053,image_1277578448_product_4023547865.jpg
1054,image_1281724413_product_4052947784.jpg
1055,image_1310681608_product_4184543373.jpg
1056,image_1285869987_product_4017682742.jpg
1057,image_1262469341_product_3908161503.jpg
1058,image_1275680411_product_4006528831.jpg
1059,image_1262504920_product_3908515833.jpg
1060,image_1304038442_product_4160811323.jpg
1061,image_1315366428_product_4205112659.jpg
1062,image_1301352055_product_4150980517.jpg
1063,image_1236531405_product_3708926820.jpg
1064,image_1276354567_product_4012865012.jpg
1065,image_1282029241_product_4053883344.jpg
1066,image_1275530332_product_4006492040.jpg
1067,image_1313520170_product_4199252362.jpg
1068,image_1302888673_product_4156933981.jpg
1069,image_1246071169_product_3797074202.jpg
1070,image_1246071152_product_3797074200.jpg
1071,image_1246071146_product_3797074199.jpg
1072,image_1255065230_product_3867156786.jpg
1073,image_1322118025_product_4228956514.jpg
1074,image_1265927393_product_3935695208.jpg
1075,image_1269757308_product_3962513619.jpg
1076,image_1298934051_product_4141167267.jpg
1077,image_1185913395_product_3025516767.jpg
1078,image_1301271738_product_4150971671.jpg
1079,image_1324065251_product_4236041655.jpg
1080,image_1310031848_product_4181949971.jpg
1081,image_1266156892_product_3935897351.jpg
1082,image_1289795647_product_4089925005.jpg
1083,image_1044045150_product_855940086.jpg
1084,image_1251953518_product_3846611164.jpg
1085,image_1310034769_product_4181950331.jpg
1086,image_1246074397_product_3797080340.jpg
1087,image_1316300017_product_4200883077.jpg
1088,image_1238298190_product_3727587711.jpg
1089,image_1281773016_product_4050842334.jpg
1090,image_1281991806_product_4050748037.jpg
1091,image_1267327312_product_3942398513.jpg
1092,image_1298762303_product_4140693317.jpg
1093,image_1257266853_product_3879889773.jpg
1094,image_1318786307_product_4217852988.jpg
1095,image_914507013_product_158925090.jpg
1096,image_1282755194_product_4058572491.jpg
1097,image_1316353103_product_4209054541.jpg
1098,image_1283716687_product_4061605926.jpg
1099,image_1275464342_product_4006485701.jpg
1100,image_1313565263_product_4199252989.jpg
1101,image_1311216914_product_4186473660.jpg
1102,image_1257294272_product_3879896036.jpg
1103,image_1274087223_product_3997501359.jpg
1104,image_1257234837_product_3879891304.jpg
1105,image_1019346220_product_516412294.jpg
1106,image_1057822132_product_1082347922.jpg
1107,image_1301337021_product_4150978457.jpg
1108,image_874729721_product_90630164.jpg
1109,image_1237300755_product_3716332861.jpg
1110,image_1279791830_product_4041644064.jpg
1111,image_1264465352_product_3925554954.jpg
1112,image_1253145640_product_3855157862.jpg
1113,image_1273023606_product_3992471902.jpg
1114,image_1275665212_product_4006518423.jpg
1115,image_1266857518_product_3940019692.jpg
1116,image_1265378903_product_3930103788.jpg
1117,image_1291289856_product_4101477044.jpg
1118,image_1295660813_product_4126964072.jpg
1119,image_1205907539_product_3313848412.jpg
1120,image_1252699774_product_3850566256.jpg
1121,image_1313298280_product_4197506928.jpg
1122,image_1145367396_product_2494083193.jpg
1123,image_914507130_product_158925087.jpg
1124,image_1279086616_product_4037578218.jpg
1125,image_1275801370_product_4008892431.jpg
1126,image_1301416038_product_4151258050.jpg
1127,image_1258503229_product_3883451829.jpg
1128,image_1302905853_product_4156934496.jpg
1129,image_1267088257_product_3941727758.jpg
1130,image_1313344771_product_4197513490.jpg
1131,image_1227170156_product_3607252535.jpg
1132,image_1294211762_product_4122559939.jpg
1133,image_1057822227_product_1082347899.jpg
1134,image_1264908122_product_3928057747.jpg
1135,image_1264908189_product_3928057754.jpg
1136,image_1267306230_product_3942385086.jpg
1137,image_1267239484_product_3942383005.jpg
1138,image_1022488308_product_460073234.jpg
1139,image_1137665981_product_2350371797.jpg
1140,image_1026532649_product_566163499.jpg
1141,image_1283830012_product_4061617671.jpg
